{
  "minecraft:recipes/transportation/dark_oak_boat": {
    "criteria": {
      "entered_water": "2024-05-01 10:54:22 -0300"
    },
    "done": true
  },
  "minecraft:recipes/transportation/birch_boat": {
    "criteria": {
      "entered_water": "2024-05-01 10:54:22 -0300"
    },
    "done": true
  },
  "gregtech:low_voltage/88_first_cover_place": {
    "criteria": {
      "first_cover_place": "2024-05-01 10:51:24 -0300"
    },
    "done": true
  },
  "gregtech:steam/2_more_tools": {
    "criteria": {
      "location": "2024-05-01 10:53:38 -0300"
    },
    "done": true
  },
  "minecraft:recipes/transportation/acacia_boat": {
    "criteria": {
      "entered_water": "2024-05-01 10:54:22 -0300"
    },
    "done": true
  },
  "appliedenergistics2:main/crafting_terminal": {
    "criteria": {
      "certus": "2024-07-17 06:29:56 -0300"
    },
    "done": true
  },
  "gregtech:medium_voltage/39_super_tank": {
    "criteria": {
      "location": "2024-07-17 06:30:42 -0300"
    },
    "done": true
  },
  "gregtech:low_voltage/29_lv_battery_buffer": {
    "criteria": {
      "location": "2024-05-01 10:50:22 -0300"
    },
    "done": true
  },
  "appliedenergistics2:main/storage_cell": {
    "criteria": {
      "c64k": "2024-07-17 06:29:13 -0300"
    },
    "done": true
  },
  "minecraft:recipes/transportation/boat": {
    "criteria": {
      "entered_water": "2024-05-01 10:54:22 -0300"
    },
    "done": true
  },
  "minecraft:recipes/transportation/jungle_boat": {
    "criteria": {
      "entered_water": "2024-05-01 10:54:22 -0300"
    },
    "done": true
  },
  "minecraft:recipes/transportation/spruce_boat": {
    "criteria": {
      "entered_water": "2024-05-01 10:54:22 -0300"
    },
    "done": true
  },
  "minecraft:adventure/adventuring_time": {
    "criteria": {
      "forest": "2023-09-29 09:23:13 -0300",
      "river": "2024-05-01 10:54:32 -0300"
    },
    "done": false
  }
}