{"stat.useItem.gregtech.ore_quartzite_0":2,"stat.leaveGame":39,"stat.pickup.gregtech.ore_gold_0":11,"stat.useItem.gregtech.wrench":1962,"stat.craftItem.gregtech.item_pipe_normal":66,"stat.mineBlock.minecraft.sandstone":69,"stat.useItem.chisel.brownstone":413,"stat.mineBlock.chisel.factory":147,"stat.pickup.gregtech.ore_tin_0":563,"stat.craftItem.gregtech.metal_casing":489,"stat.pickup.gregtech.ore_lead_0":48,"stat.mineBlock.gregtech.ore_saltpeter_0":165,"stat.breakItem.gregtech.pickaxe":1,"stat.pickup.minecraft.brown_mushroom":2,"stat.pickup.gregtech.fluid_pipe_small":107,"stat.mineBlock.gregtech.ore_lepidolite_0":4,"stat.pickup.gregtech.screwdriver":6,"stat.mineBlock.gregtech.ore_neodymium_0":1,"stat.pickup.gregtech.stone_cobble":12,"stat.craftItem.gregtech.cable_single":473,"stat.pickup.gregtech.item_pipe_small":310,"stat.mineBlock.minecraft.hopper":35,"stat.drop.minecraft.gravel":1,"stat.mineBlock.minecraft.rail":2,"stat.craftItem.gregtech.item_pipe_small":106,"stat.drop.gregtech.machine":4,"stat.pickup.gregtech.ore_magnetite_0":75,"stat.pickup.gregtech.ore_fullers_earth_0":58,"stat.useItem.gregtech.item_pipe_normal":109,"stat.craftItem.ae2fc.fluid_pattern_encoder":0,"stat.mineBlock.gregtech.transparent_casing":6,"stat.mineBlock.gregtech.ore_banded_iron_0":171,"stat.craftItem.gregtech.boiler_casing":2,"stat.pickup.gregtech.ore_copper_0":154,"stat.useItem.minecraft.dye":28,"stat.useItem.gregtech.metal_casing":848,"stat.breakItem.gregtech.mallet":3,"stat.deaths":6,"stat.pickup.appliedenergistics2.crafting_storage_1k":2,"stat.pickup.gregtech.ore_cassiterite_0":126,"stat.craftItem.gregtech.meta_tool_head_buzz_saw":1,"stat.mineBlock.minecraft.tallgrass":8,"stat.chestOpened":1974,"stat.pickup.gregtech.ore_vanadium_magnetite_0":10,"stat.craftItem.appliedenergistics2.part":9,"stat.mineBlock.gregtech.wire_coil":48,"stat.useItem.minecraft.clay":24,"stat.pickup.gregtech.meta_screw":60,"stat.pickup.gregtech.shovel":1,"stat.crouchOneCm":142496,"stat.useItem.gregtech.hammer":1,"stat.pickup.minecraft.rail":3,"stat.mineBlock.gregtech.ore_apatite_0":52,"stat.mineBlock.minecraft.chest":5,"stat.mineBlock.gregtech.ore_malachite_0":119,"stat.craftItem.ae2fc.part_fluid_pattern_terminal":0,"stat.craftItem.minecraft.iron_ingot":63,"stat.pickup.gregtech.ore_beryllium_0":65,"stat.craftItem.minecraft.hopper":22,"stat.craftingTableInteraction":101,"stat.mineBlock.gregtech.ore_copper_0":156,"stat.craftItem.gregtech.wire_double":150,"stat.pickup.gregtech.ore_pyrope_0":117,"stat.pickup.gregtech.fluid_pipe_large":131,"stat.pickup.minecraft.planks":30,"stat.breakItem.gregtech.shovel":6,"stat.craftItem.gregtech.hammer":5,"stat.pickup.minecraft.wheat_seeds":1,"stat.pickup.chisel.cobblestone":1,"stat.pickup.gregtech.ore_pyrolusite_0":14,"stat.mineBlock.gregtech.ore_pyrope_0":117,"stat.mineBlock.gregtech.ore_cobaltite_0":46,"stat.craftItem.littletiles.recipeadvanced":4,"stat.mineBlock.minecraft.dirt":342,"stat.pickup.gregtech.wire_single":1,"stat.pickup.gregtech.ore_alunite_0":26,"stat.craftItem.chisel.factory":102,"stat.useItem.gregtech.machine_casing":172,"stat.pickup.minecraft.magma":44,"stat.useItem.minecraft.cobblestone":72,"stat.useItem.minecraft.gravel":173,"stat.mineBlock.gregtech.ore_thorium_0":7,"stat.pickup.gregtech.meta_block_compressed_20":10,"stat.mineBlock.gregtech.ore_tricalcium_phosphate_0":13,"stat.drop.gregtech.meta_dust_impure":1,"stat.pickup.chisel.brownstone":4,"stat.craftItem.appliedenergistics2.drive":1,"stat.pickup.gregtech.meta_block_compressed_16":1,"stat.pickup.minecraft.hopper":34,"stat.mineBlock.ae2fc.fluid_discretizer":1,"stat.mineBlock.gregtech.ore_sapphire_0":104,"stat.pickup.minecraft.apple":5,"stat.pickup.gregtech.ore_certus_quartz_0":54,"stat.mineBlock.gregtech.ore_chalcopyrite_0":892,"stat.craftItem.minecraft.planks":887,"stat.mineBlock.gregtech.meta_block_frame_103":20,"stat.useItem.gregtech.axe":1392,"stat.pickup.gregtech.ore_pentlandite_0":26,"stat.mineBlock.gregtech.ore_gold_0":11,"stat.mineBlock.gregtech.ore_lead_0":48,"stat.mineBlock.minecraft.log":1135,"stat.pickup.gregtech.mortar":1,"stat.pickup.minecraft.red_flower":1,"stat.useItem.gregtech.machine":276,"stat.pickup.appliedenergistics2.part":85,"stat.mineBlock.gregtech.ore_zeolite_0":38,"stat.craftItem.storagedrawers.basicdrawers":13,"stat.mineBlock.minecraft.cobblestone":9,"stat.pickup.minecraft.flint":11,"stat.mineBlock.gregtech.ore_realgar_0":24,"stat.pickup.appliedenergistics2.molecular_assembler":6,"stat.mineBlock.chisel.cobblestone1":9,"stat.drop.minecraft.cobblestone":8,"stat.useItem.minecraft.stone_slab2":713,"stat.pickup.gregtech.ore_sphalerite_0":48,"stat.breakItem.gregtech.wire_cutter":1,"stat.pickup.gregtech.ore_gypsum_0":19,"stat.pickup.gregtech.ore_almandine_0":355,"stat.mineBlock.chisel.cobblestone":1,"stat.craftItem.minecraft.lapis_block":0,"stat.useItem.gregtech.pickaxe":2343,"stat.mineBlock.gregtech.ore_graphite_0":227,"stat.mineBlock.gregtech.ore_magnetite_0":75,"stat.useItem.gregtech.boiler_firebox_casing":8,"stat.mineBlock.appliedenergistics2.crafting_storage_1k":2,"stat.useItem.gregtech.meta_block_frame_20":39,"stat.mineBlock.chisel.technical1":12,"stat.useItem.chisel.technical1":186,"stat.mineBlock.minecraft.clay":417,"stat.useItem.gregtech.boiler_casing":2,"stat.flyOneCm":5828317,"stat.pickup.minecraft.sandstone":42,"stat.pickup.gregtech.ore_green_sapphire_0":43,"stat.pickup.gregtech.meta_ingot_hot":20,"stat.mineBlock.gregtech.ore_diamond_0":44,"stat.pickup.gregtech.ore_cinnabar_0":81,"stat.craftItem.appliedenergistics2.molecular_assembler":0,"stat.timeSinceDeath":1625615,"stat.cauldronFilled":22,"stat.pickup.gregtech.ore_sulfur_0":273,"stat.craftItem.minecraft.iron_block":21,"stat.useItem.gregtech.meta_block_frame_103":10,"stat.useItem.gregtech.cable_double":14,"stat.mineBlock.gregtech.ore_green_sapphire_0":43,"stat.pickup.gregtech.ore_cobaltite_0":46,"stat.mineBlock.gregtech.ore_granitic_mineral_sand_0":105,"stat.pickup.littletiles.recipeadvanced":3,"stat.pickup.gregtech.fluid_pipe_normal":196,"stat.mineBlock.gregtech.ore_cassiterite_0":126,"stat.craftItem.gregtech.meta_dust_small":128,"stat.ae2.ItemsInserted":34683,"stat.pickup.gregtech.hammer":8,"stat.sprintOneCm":13855221,"stat.pickup.gregtech.ore_granitic_mineral_sand_0":105,"stat.pickup.gregtech.ore_galena_0":386,"stat.useItem.gregtech.mining_hammer":32735,"stat.useItem.gregtech.wire_single":1,"stat.mineBlock.gregtech.ore_garnierite_0":80,"stat.diveOneCm":967348,"stat.craftItem.minecraft.sandstone":458,"stat.mineBlock.gregtech.metal_casing":545,"stat.pickup.storagedrawers.basicdrawers":14,"stat.mineBlock.gregtech.machine_casing":72,"stat.breakItem.gregtech.knife":1,"stat.mineBlock.gregtech.ore_nether_quartz_0":95,"stat.jump":26759,"stat.useItem.minecraft.sand":14,"stat.pickup.minecraft.coal":225,"stat.pickup.appliedenergistics2.facade":6,"stat.pickup.minecraft.dirt":280,"stat.craftItem.gregtech.meta_stick_long":138,"stat.craftItem.gregtech.wire_quadruple":12,"stat.craftItem.gregtech.meta_block_compressed_16":38,"stat.useItem.minecraft.sapling":46,"stat.damageTaken":25937,"stat.pickup.gregtech.ore_monazite_0":7,"stat.pickup.gregtech.wire_double":29,"stat.pickup.appliedenergistics2.interface":3,"stat.cauldronUsed":1,"stat.pickup.gregtech.meta_rotor":2,"stat.mineBlock.gregtech.ore_barite_0":28,"stat.useItem.minecraft.chest":2,"stat.mineBlock.appliedenergistics2.molecular_assembler":6,"stat.craftItem.gregtech.meta_block_compressed_2000":1,"stat.pickup.gregtech.meta_dust_tiny":980,"stat.mineBlock.littletiles.blocklittletiles":13,"stat.pickup.chisel.factory":143,"stat.mineBlock.gregtech.ore_almandine_0":358,"stat.mineBlock.gregtech.ld_fluid_pipe":121,"stat.mineBlock.gregtech.ore_ruby_0":133,"stat.craftItem.gregtech.knife":0,"stat.craftItem.gregtech.meta_block_compressed_20":5,"stat.mineBlock.gregtech.ore_basaltic_mineral_sand_0":95,"stat.useItem.minecraft.netherrack":60,"stat.pickup.gregtech.ore_chalcopyrite_0":875,"stat.mineBlock.minecraft.glowstone":11,"stat.pickup.ae2fc.fluid_discretizer":1,"stat.pickup.minecraft.diamond":26,"stat.pickup.gregtech.ore_grossular_0":300,"stat.pickup.gregtech.steam_casing":20,"stat.pickup.gregtech.ore_quartzite_0":195,"stat.mineBlock.gregtech.ore_coal_0":371,"stat.mineBlock.storagedrawers.basicdrawers":14,"stat.useItem.chisel.glasspane":2,"stat.pickup.gregtech.ore_tricalcium_phosphate_0":13,"stat.breakItem.gregtech.axe":3,"stat.mineBlock.gregtech.ore_emerald_0":10,"stat.pickup.gregtech.ore_nickel_0":74,"stat.mineBlock.gregtech.ore_electrotine_0":29,"stat.useItem.minecraft.planks":84,"stat.pickup.minecraft.glowstone_dust":36,"stat.craftItem.gregtech.mining_hammer":12,"stat.pickup.gregtech.meta_stick_long":2,"stat.mineBlock.gregtech.ore_vanadium_magnetite_0":10,"stat.useItem.gregtech.shovel":3820,"stat.useItem.minecraft.water_bucket":1,"stat.pickup.minecraft.sand":2925,"stat.craftItem.gregtech.axe":3,"stat.pickup.chisel.cobblestone1":2,"stat.mineBlock.minecraft.sand":2933,"stat.mineBlock.gregtech.ore_pyrite_0":315,"stat.pickup.gregtech.ore_nether_quartz_0":95,"stat.hopperInspected":543,"stat.pickup.gregtech.ore_spodumene_0":4,"stat.mineBlock.gregtech.ore_nickel_0":74,"stat.mineBlock.gregtech.boiler_firebox_casing":3,"stat.mineBlock.gregtech.meta_block_compressed_16":1,"stat.pickup.gregtech.meta_ingot":18,"stat.craftItem.gregtech.machine":305,"stat.pickup.gregtech.ore_yellow_limonite_0":141,"stat.craftItem.gregtech.fluid_pipe_large":148,"stat.craftItem.storagedrawers.upgrade_template":7,"stat.useItem.gregtech.fluid_pipe_small":144,"stat.pickup.gregtech.ore_graphite_0":224,"stat.pickup.gregtech.file":3,"stat.pickup.gregtech.ore_pyrite_0":313,"stat.mineBlock.chisel.brownstone":4,"stat.pickup.gregtech.transparent_casing":6,"stat.mineBlock.gregtech.ore_grossular_0":310,"stat.useItem.gregtech.item_pipe_small":378,"stat.pickup.gregtech.meta_item_1":256,"stat.useItem.betterbuilderswands.wanddiamond":164,"stat.pickup.gregtech.ore_ruby_0":133,"stat.craftItem.gregtech.meta_ingot":232,"stat.useItem.gregtech.fluid_pipe_normal":233,"stat.useItem.minecraft.hopper":24,"stat.craftItem.gregtech.meta_item_1":1079,"stat.pickup.gregtech.wire_coil":48,"stat.playOneMinute":11290715,"stat.pickup.appliedenergistics2.encoded_pattern":8,"stat.craftItem.minecraft.diamond_block":1,"stat.pickup.gregtech.meta_block_frame_103":20,"stat.pickup.minecraft.netherrack":4802,"stat.breakItem.gregtech.wrench":4,"stat.craftItem.appliedenergistics2.material":3,"stat.mineBlock.minecraft.netherrack":5095,"stat.useItem.gregtech.cable_quadruple":18,"stat.craftItem.gregtech.fluid_pipe_small":58,"stat.mineBlock.appliedenergistics2.cable_bus":68,"stat.pickup.gregtech.ore_zeolite_0":38,"stat.craftItem.minecraft.iron_nugget":1728,"stat.pickup.gregtech.item_pipe_normal":50,"stat.fallOneCm":521781,"stat.pickup.chisel.technical1":12,"stat.pickup.gregtech.machine":406,"stat.craftItem.minecraft.chest":53,"stat.mineBlock.gregtech.ore_yellow_limonite_0":143,"stat.mineBlock.gregtech.machine":395,"stat.mineBlock.gregtech.rubber_sapling":3,"stat.pickup.gregtech.ore_lepidolite_0":4,"stat.craftItem.gregtech.fluid_pipe_normal":155,"stat.mineBlock.gregtech.ore_cinnabar_0":82,"stat.pickup.gregtech.boiler_firebox_casing":3,"stat.drop.gregtech.meta_item_1":2,"stat.pickup.gregtech.ore_malachite_0":119,"stat.useItem.gregtech.wire_cutter":60,"stat.pickup.gregtech.saw":4,"stat.pickup.gregtech.ore_banded_iron_0":171,"stat.mineBlock.minecraft.gravel":306,"stat.mineBlock.gregtech.ore_tin_0":564,"stat.craftItem.gregtech.meta_block_frame_20":10,"stat.mineBlock.gregtech.ore_monazite_0":7,"stat.pickup.gregtech.ore_silver_0":112,"stat.pickup.gregtech.wire_cutter":3,"stat.mineBlock.gregtech.ore_sphalerite_0":48,"stat.pickup.minecraft.crafting_table":2,"stat.useItem.minecraft.log":4,"stat.craftItem.minecraft.crafting_table":5,"stat.useItem.gregtech.meta_item_1":65,"stat.mineBlock.gregtech.ore_certus_quartz_0":55,"stat.mineBlock.gregtech.ore_pentlandite_0":26,"stat.craftItem.appliedenergistics2.energy_acceptor":1,"stat.useItem.gregtech.transparent_casing":20,"stat.pickup.minecraft.log":1590,"stat.mineBlock.gregtech.ore_fullers_earth_0":60,"stat.useItem.gregtech.meta_block_compressed_16":1,"stat.craftItem.betterbuilderswands.wanddiamond":2,"stat.pickup.gregtech.machine_casing":148,"stat.craftItem.gregtech.machine_casing":18,"stat.pickup.minecraft.sapling":209,"stat.pickup.gregtech.knife":1,"stat.pickup.gregtech.ld_fluid_pipe":142,"stat.pickup.gregtech.ore_brown_limonite_0":664,"stat.mineBlock.gregtech.ore_bastnasite_0":17,"stat.mineBlock.gregtech.ore_silver_0":115,"stat.pickup.gregtech.ore_garnierite_0":80,"stat.craftItem.appliedenergistics2.interface":1,"stat.pickup.gregtech.wire_octal":1,"stat.sneakTime":86118,"stat.mineBlock.gregtech.ore_tantalite_0":37,"stat.pickup.minecraft.chest":5,"stat.mineBlock.gregtech.ore_galena_0":390,"stat.mineBlock.gregtech.ore_gypsum_0":19,"stat.craftItem.gregtech.shovel":7,"stat.drop.gregtech.shovel":1,"stat.craftItem.appliedenergistics2.condenser":0,"stat.swimOneCm":100764,"stat.pickup.gregtech.meta_block_frame_20":62,"stat.pickup.gregtech.ore_apatite_0":52,"stat.ae2.ItemsExtracted":14084,"stat.useItem.minecraft.dirt":148,"stat.pickup.gregtech.ore_neodymium_0":1,"stat.mineBlock.gregtech.ore_quartzite_0":195,"stat.craftItem.storagedrawers.upgrade_storage":7,"stat.craftItem.gregtech.wrench":8,"stat.pickup.gregtech.ore_coal_0":367,"stat.mineBlock.appliedenergistics2.interface":3,"stat.craftItem.appliedenergistics2.fluid_interface":0,"stat.mineBlock.minecraft.magma":44,"stat.pickup.minecraft.cobblestone":14634,"stat.pickup.gregtech.ore_basaltic_mineral_sand_0":94,"stat.pickup.minecraft.clay":64,"stat.pickup.gregtech.meta_plate":20,"stat.craftItem.gregtech.meta_ring":40,"stat.pickup.gregtech.ore_sapphire_0":101,"stat.drop.gregtech.meta_ingot_hot":20,"stat.breakItem.gregtech.hammer":1,"stat.craftItem.gregtech.wire_octal":1,"stat.useItem.gregtech.rubber_sapling":41,"stat.pickup.gregtech.wire_quadruple":6,"stat.mineBlock.gregtech.ore_rock_salt_0":3,"stat.pickup.gregtech.rubber_sapling":80,"stat.useItem.gregtech.wire_double":34,"stat.pickup.gregtech.ore_redstone_0":761,"stat.craftItem.gregtech.meta_stick":12,"stat.craftItem.minecraft.brick_block":24,"stat.pickup.gregtech.meta_crushed":16,"stat.pickup.gregtech.ore_bastnasite_0":17,"stat.useItem.gregtech.wire_quadruple":15,"stat.craftItem.minecraft.stick":44,"stat.pickup.gregtech.ore_iron_0":255,"stat.pickup.gregtech.metal_casing":587,"stat.craftItem.gregtech.meta_gear_small":36,"stat.mineBlock.gregtech.ore_redstone_0":753,"stat.mineBlock.minecraft.crafting_table":2,"stat.pickup.gregtech.ore_pyrochlore_0":74,"stat.mineBlock.gregtech.ore_brown_limonite_0":671,"stat.mineBlock.minecraft.planks":32,"stat.drop":37,"stat.mineBlock.gregtech.ore_beryllium_0":65,"stat.craftItem.gregtech.mallet":4,"stat.mineBlock.gregtech.meta_block_frame_20":62,"stat.pickup.gregtech.ore_saltpeter_0":168,"stat.useItem.gregtech.wire_coil":60,"stat.pickup.gregtech.ore_salt_0":15,"stat.craftItem.minecraft.piston":7,"stat.pickup.minecraft.gravel":176,"stat.pickup.gregtech.cable_quadruple":38,"stat.pickup.gregtech.ore_realgar_0":24,"stat.useItem.gregtech.fluid_pipe_large":319,"stat.craftItem.ae2fc.fluid_discretizer":0,"stat.useItem.storagedrawers.basicdrawers":3,"stat.breakItem.gregtech.mining_hammer":13,"stat.pickup.gregtech.ore_tantalite_0":36,"stat.pickup.gregtech.mallet":3,"stat.craftItem.gregtech.hermetic_casing":0,"stat.mineBlock.gregtech.steam_casing":20,"stat.craftItem.gregtech.boiler_firebox_casing":6,"stat.mineBlock.gregtech.ore_sulfur_0":276,"stat.pickup.gregtech.wrench":9,"stat.pickup.gregtech.ore_rock_salt_0":3,"stat.pickup.gregtech.ore_barite_0":27,"stat.pickup.gregtech.ore_electrotine_0":29,"stat.pickup.gregtech.rubber_log":160,"stat.walkOneCm":8386724,"stat.pickup.gregtech.ore_diamond_0":44,"stat.craftItem.chisel.brownstone":114,"stat.craftItem.gregtech.screwdriver":2,"stat.pickup.minecraft.stick":2,"stat.mineBlock.gregtech.ore_salt_0":15,"stat.pickup.minecraft.clay_ball":1576,"stat.craftItem.gregtech.wire_single":12,"stat.useItem.gregtech.steam_casing":18,"stat.mineBlock.gregtech.ore_pyrolusite_0":14,"stat.pickup.gregtech.ore_thorium_0":7,"stat.mineBlock.gregtech.ore_alunite_0":26,"stat.mineBlock.gregtech.ore_iron_0":256,"stat.craftItem.gregtech.wire_cutter":2,"stat.mineBlock.gregtech.ore_spodumene_0":4,"stat.pickup.gregtech.meta_dust":1141,"stat.pickup.minecraft.stone":2183,"stat.mineBlock.gregtech.rubber_log":160,"stat.mineBlock.gregtech.stone_smooth":13,"stat.craftItem.gregtech.meta_bolt":28,"stat.pickup.gregtech.meta_crushed_purified":2523,"stat.useItem.gregtech.ld_fluid_pipe":476,"stat.craftItem.appliedenergistics2.crafting_unit":0,"stat.pickup.gregtech.ore_emerald_0":10,"stat.mineBlock.minecraft.leaves":19,"stat.craftItem.gregtech.meta_dust":946,"stat.useItem.chisel.cobblestone1":286,"stat.mineBlock.gregtech.ore_pyrochlore_0":74,"stat.useItem.appliedenergistics2.part":218,"stat.useItem.chisel.factory":658,"stat.mineBlock.minecraft.stone":20951}